symbol,name,name_en,sector,sector_en,pe,pb,roe,dividend_yield,debt_equity,net_margin,current_ratio,shariah_debt_ratio,shariah_compliant,revenue_b,net_income_b,total_debt_b,total_assets_b
2222,أرامكو السعودية,Saudi Aramco,الطاقة,Energy,15.8,4.2,27.5,6.8,0.25,25.1,1.32,8.2,True,1580,398,320,2650
1180,الأهلي السعودي,Saudi National Bank,البنوك,Banks,10.2,1.9,18.6,3.5,5.8,42.0,1.05,85.0,False,72,30.2,580,980
1120,الراجحي,Al Rajhi Bank,البنوك,Banks,16.5,3.4,22.1,2.8,5.2,48.5,1.08,0.0,True,38,18.4,0,760
2010,سابك,SABIC,المواد الأساسية,Materials,42.0,1.3,3.1,2.0,0.55,3.8,1.45,18.5,True,148,5.6,65,320
7010,إس تي سي,STC,الاتصالات,Telecom,22.5,3.8,17.2,3.6,0.95,13.5,0.82,28.0,True,73,9.8,52,185
2350,كيان السعودية,Kayan Saudi,المواد الأساسية,Materials,0,0.9,-2.5,0.0,0.72,-5.2,1.15,22.0,True,12.5,-0.65,8.5,38
2280,المراعي,Almarai,إنتاج الأغذية,Food Production,22.8,4.5,20.1,2.2,0.65,10.8,0.95,20.5,True,21.5,2.32,9.8,42
4200,الدريس,Aldrees,التجزئة,Retail,14.5,3.2,22.5,5.5,0.18,4.5,1.25,5.0,True,32,1.44,1.2,12
8210,بوبا العربية,Bupa Arabia,التأمين,Insurance,18.2,5.8,32.5,3.8,0.45,8.2,1.18,12.0,True,18,1.48,3.5,28
3010,أسمنت العربية,Arabian Cement,المواد الأساسية,Materials,19.5,2.1,10.8,4.2,0.08,28.5,2.85,2.5,True,1.2,0.34,0.08,3.8
2060,التصنيع,Tasnee,المواد الأساسية,Materials,12.8,1.1,8.5,3.5,0.62,9.2,1.55,19.0,True,8.5,0.78,4.2,22
1150,بنك الإنماء,Alinma Bank,البنوك,Banks,14.8,2.2,15.2,2.5,4.5,45.0,1.02,0.0,True,14.5,6.5,0,220
4030,البحري,Bahri,النقل,Transport,11.5,1.6,14.2,5.0,0.85,18.5,1.12,25.0,True,9.2,1.7,12,48
2020,سافكو,SAFCO,المواد الأساسية,Materials,18.5,2.8,15.2,4.8,0.05,32.0,3.20,1.5,True,4.8,1.54,0.12,12
4190,جرير,Jarir,التجزئة,Retail,20.5,12.5,62.0,4.5,0.30,8.5,1.35,8.0,True,10.5,0.89,0.8,5.2
4001,عبدالله العثيم,Abdullah Al Othaim,التجزئة,Retail,17.8,5.5,31.0,3.2,0.42,5.5,0.88,12.0,True,16.8,0.92,2.8,14
2310,سبكيم,Sipchem,المواد الأساسية,Materials,25.0,1.5,6.0,2.0,0.75,7.5,1.28,24.0,True,6.2,0.47,5.5,22
4321,الرياض ريت,Riyadh REIT,صناديق الريت,REITs,14.0,0.95,6.8,7.2,0.35,55.0,1.80,15.0,True,0.45,0.25,0.9,5.5
4310,مشاركة ريت,Musharaka REIT,صناديق الريت,REITs,16.5,0.88,5.3,6.5,0.40,48.0,1.65,18.0,True,0.38,0.18,1.1,6.0
1010,الرياض,Riyad Bank,البنوك,Banks,11.5,2.0,17.5,3.8,5.0,44.0,1.04,0.0,False,28,12.3,380,450
1050,البنك السعودي للاستثمار,Saudi Investment Bank,البنوك,Banks,12.0,1.3,11.2,4.0,5.5,38.0,1.01,0.0,False,8.5,3.2,145,195
1060,ساب,SABB,البنوك,Banks,12.8,1.7,13.5,3.2,5.3,40.5,1.03,0.0,False,18.5,7.5,310,420
1080,البنك العربي الوطني,Arab National Bank,البنوك,Banks,10.5,1.4,13.8,4.5,5.1,41.0,1.02,0.0,False,12.8,5.2,210,280
1140,البلاد,Bank Albilad,البنوك,Banks,16.0,2.8,17.8,2.0,4.8,43.0,1.03,0.0,True,9.2,3.95,0,170
2050,صافولا,Savola Group,إنتاج الأغذية,Food Production,28.5,2.5,8.8,2.5,0.85,3.2,1.10,22.0,True,25.5,0.82,8.5,38
2030,المصافي,SARCO,الطاقة,Energy,35.0,6.5,18.5,2.8,0.12,12.5,2.10,3.5,True,1.8,0.22,0.06,1.5
2040,الخزف,Saudi Ceramics,السلع الرأسمالية,Capital Goods,18.0,2.2,12.5,4.0,0.35,14.0,1.65,10.0,True,2.8,0.39,0.5,4.8
2070,المدينة,SPM,المواد الأساسية,Materials,15.5,1.8,11.5,3.0,0.28,16.5,1.90,8.0,True,1.5,0.25,0.3,3.5
2090,الجبس,National Gypsum,المواد الأساسية,Materials,12.0,1.5,12.8,5.5,0.10,22.0,2.50,3.0,True,0.85,0.19,0.04,1.2
2110,ينساب,Yansab,المواد الأساسية,Materials,0,0.85,-3.2,0.0,0.48,-8.5,1.20,15.0,True,6.8,-0.58,3.2,21
2150,زجاج,Zoujaj,المواد الأساسية,Materials,22.0,1.9,8.5,2.5,0.40,10.5,1.45,12.0,True,2.5,0.28,0.6,4.8
2170,اللجين,Alujain,المواد الأساسية,Materials,14.5,1.2,8.2,4.5,0.52,11.0,1.35,16.0,True,3.8,0.42,1.8,11
2250,المجموعة السعودية,Saudi Industrial,المواد الأساسية,Materials,16.0,1.0,6.2,3.8,0.68,8.0,1.18,20.0,True,4.5,0.36,3.2,16
3020,أسمنت اليمامة,Yamama Cement,المواد الأساسية,Materials,21.0,1.8,8.5,3.5,0.05,30.0,3.50,1.5,True,2.0,0.17,0.03,2.2
3030,أسمنت السعودية,Saudi Cement,المواد الأساسية,Materials,17.5,2.0,11.5,5.0,0.10,35.0,2.80,3.0,True,2.5,0.88,0.12,4.0
3040,أسمنت القصيم,Qassim Cement,المواد الأساسية,Materials,15.0,1.6,10.5,5.8,0.03,38.0,4.20,1.0,True,1.1,0.42,0.01,1.8
3050,أسمنت الجنوبية,Southern Cement,المواد الأساسية,Materials,16.5,2.3,14.0,5.2,0.08,32.5,3.10,2.0,True,1.8,0.58,0.05,2.5
4002,المواساة,Mouwasat,المعدات الصحية,Healthcare,25.0,4.8,19.5,1.8,0.55,18.0,1.05,15.0,True,6.2,1.12,2.8,18
4003,إكسترا,eXtra,التجزئة,Retail,19.5,6.8,35.0,3.5,0.48,5.8,0.92,14.0,True,8.5,0.49,1.5,6.5
4004,دله الصحية,Dallah Health,المعدات الصحية,Healthcare,22.0,3.5,16.0,2.2,0.60,12.5,1.15,18.0,True,5.5,0.69,2.5,14
4005,رعاية,Care,المعدات الصحية,Healthcare,30.0,5.2,17.5,1.5,0.42,15.0,1.08,12.0,True,3.8,0.57,1.2,9.5
4007,الحمادي,Al Hammadi,المعدات الصحية,Healthcare,28.0,3.0,10.8,1.8,0.72,10.0,0.85,21.0,True,2.2,0.22,1.1,5.2
4011,لازوردي,Lazurde,السلع المعمرة,Consumer Durables,18.5,2.8,15.2,2.0,0.55,6.0,1.30,16.0,True,1.8,0.11,0.4,2.5
4051,بحر العرب,Bahrri IT,البرمجيات والخدمات,Software & Services,35.0,12.0,34.5,2.5,0.15,28.0,1.85,4.0,True,0.95,0.27,0.05,1.2
4210,الأصيل,Alaseel,إنتاج الأغذية,Food Production,20.0,3.8,19.0,3.0,0.30,9.5,1.40,8.5,True,2.2,0.21,0.3,3.5
4260,بدجت السعودية,Budget Saudi,الخدمات التجارية,Commercial Services,15.0,3.5,23.5,4.5,0.65,15.0,0.78,18.0,True,3.2,0.48,1.5,8.2
4261,ذيب,Theeb,الخدمات التجارية,Commercial Services,13.5,3.2,24.0,4.8,0.70,12.0,0.72,20.0,True,2.8,0.34,1.4,7.0
6010,نادك,NADEC,إنتاج الأغذية,Food Production,25.5,2.2,8.5,1.5,0.58,6.5,1.15,17.0,True,4.5,0.29,1.8,10.5
6020,جاكو,JACO,إنتاج الأغذية,Food Production,18.0,2.5,14.0,3.5,0.22,8.0,1.50,6.0,True,1.2,0.10,0.1,1.5
1020,بنك الجزيرة,Bank Aljazira,البنوك,Banks,13.5,1.5,11.5,3.0,5.4,36.0,1.01,0.0,True,7.8,2.85,0,125
1030,الاستثمار,Saudi Investment Bank,البنوك,Banks,11.8,1.2,10.5,4.2,5.6,35.0,1.01,0.0,False,7.2,2.52,128,160
2001,كيمانول,Chemanol,المواد الأساسية,Materials,0,1.8,-5.5,0.0,0.85,-12.0,0.92,25.0,True,1.5,-0.18,0.95,3.8
2002,المتقدمة,APPC,المواد الأساسية,Materials,18.5,1.4,7.5,2.8,0.42,10.0,1.55,13.0,True,3.2,0.32,1.1,8.2
2160,أميانتيت,Amiantit,المواد الأساسية,Materials,0,0.7,-8.5,0.0,1.20,-15.0,0.75,32.0,True,1.2,-0.18,1.5,4.5
2180,فيبكو,FIPCO,المواد الأساسية,Materials,22.0,1.3,5.8,2.0,0.55,8.5,1.35,16.0,True,0.95,0.08,0.35,2.2
2190,سيسكو,SISCO,المواد الأساسية,Materials,16.5,1.6,9.8,3.2,0.48,12.0,1.42,14.0,True,2.8,0.34,0.8,5.5
2200,أنابيب,Arabian Pipes,المواد الأساسية,Materials,14.0,1.8,13.0,4.0,0.32,9.5,1.55,9.0,True,1.5,0.14,0.2,2.2
2210,نماء للكيماويات,Nama Chemicals,المواد الأساسية,Materials,0,0.95,-4.2,0.0,0.78,-9.8,0.88,23.0,True,2.2,-0.22,1.2,5.2
2220,معدنية,Ma'aden Mining,المواد الأساسية,Materials,28.0,2.5,9.0,1.5,0.65,8.5,1.28,18.0,True,32,2.85,15.5,85
2230,الكيميائية السعودية,Saudi Chemical,المواد الأساسية,Materials,15.0,2.0,13.5,4.5,0.38,8.0,1.48,11.0,True,2.8,0.22,0.5,4.5
2240,الزامل للصناعة,Zamil Industrial,السلع الرأسمالية,Capital Goods,0,1.5,-2.8,0.0,0.92,-3.5,0.85,28.0,True,5.5,-0.19,2.8,10
2290,ينبع الوطنية,Yanbu National Petro,المواد الأساسية,Materials,15.5,1.4,9.2,5.0,0.35,15.0,1.65,10.0,True,6.5,0.98,1.8,18
2300,صناعة الورق,SPM Paper,المواد الأساسية,Materials,18.0,1.5,8.2,3.0,0.45,6.5,1.38,13.0,True,1.2,0.08,0.22,1.7
2320,البابطين,Al Babtain,السلع الرأسمالية,Capital Goods,12.5,1.8,14.5,5.0,0.40,7.5,1.28,12.0,True,3.5,0.26,0.6,5.0
2330,المتطورة,APPC Advanced,السلع الرأسمالية,Capital Goods,16.0,1.2,7.5,3.5,0.55,5.5,1.15,16.0,True,2.8,0.15,0.75,4.5
2340,العبداللطيف,Alabdullatif,السلع الرأسمالية,Capital Goods,0,0.8,-5.0,0.0,0.88,-8.5,0.78,26.0,True,1.8,-0.15,0.85,3.2
2360,الحكير,Fawaz Alhokair,التجزئة,Retail,0,2.2,-12.0,0.0,1.85,-18.0,0.55,42.0,False,5.5,-0.99,5.8,14
2370,مسك,Misk,المواد الأساسية,Materials,14.0,1.1,7.8,3.5,0.42,10.5,1.45,12.5,True,1.5,0.16,0.35,2.8
2380,بترو رابغ,Petro Rabigh,المواد الأساسية,Materials,0,1.5,-8.0,0.0,1.25,-12.5,0.72,35.0,False,52,-6.5,28,80
2381,الحفر العربية,Arabian Drilling,الطاقة,Energy,18.0,3.5,19.5,2.5,0.45,15.0,1.25,12.0,True,8.5,1.28,2.8,23
2382,أديس,ADES,الطاقة,Energy,14.5,2.8,19.2,1.0,0.85,18.5,1.15,24.0,True,12.5,2.31,8.5,35
3001,حلواني,Halwani Bros,إنتاج الأغذية,Food Production,16.0,2.5,15.8,3.5,0.38,7.5,1.35,10.5,True,2.2,0.17,0.3,2.8
3002,الجوف الزراعية,Al Jouf Agriculture,إنتاج الأغذية,Food Production,28.0,1.8,6.5,2.0,0.25,12.0,1.85,7.0,True,0.65,0.04,0.05,0.7
3003,أسمنت المدينة,City Cement,المواد الأساسية,Materials,18.0,1.5,8.2,4.5,0.12,25.0,2.50,3.5,True,0.75,0.19,0.04,1.1
3004,أسمنت الشمالية,Northern Cement,المواد الأساسية,Materials,20.0,1.2,6.0,3.8,0.15,22.0,2.20,4.5,True,0.55,0.11,0.03,0.65
3005,أسمنت أم القرى,Umm Al-Qura Cement,المواد الأساسية,Materials,25.0,1.0,4.0,2.5,0.22,18.0,1.95,6.5,True,0.48,0.05,0.04,0.58
3007,زهرة الواحة,Zahrat Al Waha,إنتاج الأغذية,Food Production,15.0,2.2,14.8,4.0,0.35,8.5,1.45,10.0,True,1.5,0.13,0.2,2.0
3008,الحائل الزراعية,HADCO,إنتاج الأغذية,Food Production,22.0,1.5,6.8,2.5,0.30,10.0,1.60,8.5,True,0.85,0.06,0.08,0.95
3060,أسمنت ينبع,Yanbu Cement,المواد الأساسية,Materials,14.5,1.8,12.5,5.5,0.05,35.0,3.80,1.2,True,1.5,0.52,0.03,2.0
3080,أسمنت الشرقية,Eastern Cement,المواد الأساسية,Materials,16.0,1.4,8.8,4.8,0.08,30.0,3.20,2.0,True,0.92,0.28,0.03,1.5
3090,أسمنت تبوك,Tabuk Cement,المواد الأساسية,Materials,22.0,1.1,5.0,3.0,0.10,20.0,2.40,3.0,True,0.42,0.09,0.02,0.55
3091,أسمنت الجوف,Al Jouf Cement,المواد الأساسية,Materials,0,0.8,-2.5,0.0,0.18,-15.0,1.80,5.5,True,0.22,-0.03,0.02,0.35
3092,أسمنت الرياض,Riyadh Cement,المواد الأساسية,Materials,18.0,1.3,7.2,4.0,0.10,28.0,2.85,2.8,True,0.65,0.18,0.03,0.95
4006,أسواق المزرعة,Farm Superstores,التجزئة,Retail,22.0,4.2,19.0,2.5,0.38,4.5,0.95,10.5,True,8.5,0.38,1.2,11.5
4008,ساكو,SACO,التجزئة,Retail,25.0,8.5,34.0,3.0,0.32,8.0,1.10,9.0,True,5.2,0.42,0.6,6.5
4009,السعودية للتنمية الصناعية,SSIP,السلع الرأسمالية,Capital Goods,14.0,1.0,7.2,4.5,0.48,12.0,1.45,14.0,True,0.42,0.05,0.08,0.55
4010,دور,Dur Hospitality,الفنادق والسياحة,Hotels & Tourism,20.0,2.8,14.0,2.5,0.55,15.0,0.85,16.0,True,1.8,0.27,0.65,4.0
4012,الصادرات,Saudi Export,إنتاج الأغذية,Food Production,25.0,3.0,12.0,2.0,0.42,6.0,1.25,12.0,True,1.0,0.06,0.15,1.2
4013,سمو,Sumo,البرمجيات والخدمات,Software & Services,32.0,8.5,26.5,1.5,0.22,22.0,1.65,6.0,True,0.55,0.12,0.04,0.65
4014,دار المعدات,Dar Al Arkan Equipment,السلع الرأسمالية,Capital Goods,16.5,2.0,12.0,3.5,0.60,8.5,1.10,17.0,True,1.2,0.10,0.3,1.8
4015,جمجوم,Jamjoom Pharma,الأدوية,Pharma,28.0,7.5,26.8,2.0,0.18,25.0,1.85,5.0,True,2.8,0.70,0.18,3.5
4020,العقارية,Saudi Real Estate,إدارة وتطوير العقارات,Real Estate,18.0,0.8,4.5,3.5,0.42,18.0,1.55,12.0,True,2.5,0.45,0.8,6.5
4031,لوبريف,LUBEREF,الطاقة,Energy,12.0,3.8,32.0,6.5,0.52,18.0,1.25,15.0,True,8.2,1.48,3.5,23
4040,سيسكو القابضة,SISCO Holding,النقل,Transport,18.0,2.2,12.2,2.5,0.65,10.5,1.05,18.0,True,3.5,0.37,1.8,10
4050,ساسكو,SASCO,الطاقة,Energy,16.5,2.5,15.2,4.0,0.48,8.5,1.15,13.5,True,5.8,0.49,1.5,11
4061,أنعام القابضة,Anaam Holding,إنتاج الأغذية,Food Production,0,1.2,-3.5,0.0,0.75,-8.0,0.82,22.0,True,0.55,-0.04,0.15,0.68
4070,تهامة,Tihama,الإعلام والترفيه,Media & Entertainment,0,1.5,-10.0,0.0,0.92,-25.0,0.65,28.0,True,0.35,-0.09,0.12,0.42
4071,ثوب الأصيل,Thob Al Aseel,السلع المعمرة,Consumer Durables,15.0,2.2,14.8,4.5,0.18,12.0,1.85,5.0,True,0.85,0.10,0.04,0.78
4080,سناد القابضة,Sinad Holding,الخدمات التجارية,Commercial Services,20.0,1.8,9.0,2.5,0.35,8.5,1.40,10.0,True,0.65,0.06,0.08,0.78
4081,النايفات,Alnayifat,التمويل,Diversified Finance,12.0,2.5,21.0,5.5,1.80,28.0,1.15,42.0,False,0.85,0.24,0.95,2.25
4082,مرنة,Marnah,التمويل,Diversified Finance,18.0,3.2,17.8,3.0,1.50,22.0,1.08,38.0,False,0.45,0.10,0.52,1.35
4090,طيبة,Taiba,إدارة وتطوير العقارات,Real Estate,14.0,1.2,8.5,5.0,0.28,35.0,1.95,8.0,True,1.5,0.52,0.25,3.2
4100,مكة للإنشاء,Makkah Construction,إدارة وتطوير العقارات,Real Estate,16.0,1.0,6.2,4.5,0.15,42.0,2.20,4.5,True,0.85,0.36,0.08,1.8
4110,باعظيم,Bawan,السلع الرأسمالية,Capital Goods,11.5,2.0,17.5,5.5,0.45,6.5,1.25,13.0,True,4.2,0.27,0.85,6.5
4130,الباحة,Al Baha,الفنادق والسياحة,Hotels & Tourism,0,0.6,-12.0,0.0,0.55,-35.0,0.92,16.0,True,0.12,-0.04,0.02,0.15
4140,سداقة,Sadaqah,الخدمات التجارية,Commercial Services,25.0,3.5,14.0,2.0,0.32,10.0,1.30,9.0,True,0.42,0.04,0.04,0.42
4141,العمران,Al Omran,السلع الرأسمالية,Capital Goods,16.0,2.5,15.5,3.5,0.38,8.0,1.35,11.0,True,1.5,0.12,0.22,2.0
4142,كابلات الرياض,Riyadh Cables,السلع الرأسمالية,Capital Goods,14.0,4.5,32.0,4.5,0.28,10.5,1.20,8.0,True,5.8,0.61,0.5,6.2
4150,التصنيع المتقدمة,SIIG,المواد الأساسية,Materials,12.0,1.5,12.5,4.0,0.55,14.0,1.35,16.0,True,2.5,0.35,0.8,5.0
4160,ثمار,Thamar,إنتاج الأغذية,Food Production,0,0.9,-5.0,0.0,0.62,-12.0,0.88,18.0,True,0.35,-0.04,0.08,0.42
4161,بن داود,BinDawood,التجزئة,Retail,28.0,3.8,13.5,2.0,0.25,4.2,0.85,7.0,True,8.5,0.36,0.8,11.5
4162,المنجم,Alhokair Food,التجزئة,Retail,22.0,5.0,22.8,2.5,0.48,5.0,0.82,13.5,True,4.2,0.21,0.8,5.8
4163,الدواء,Nahdi Medical,التجزئة,Retail,35.0,12.0,34.5,1.5,0.42,8.5,0.92,11.0,True,12.5,1.06,2.5,22.5
4164,النهدي,Nahdi Pharmacy,الأدوية,Pharma,32.0,10.5,32.8,1.8,0.38,9.0,0.95,10.0,True,11.8,1.06,2.2,22
4170,شمس,Shams,السلع المعمرة,Consumer Durables,14.5,1.8,12.5,4.0,0.42,5.5,1.25,12.0,True,1.2,0.07,0.15,1.2
4180,فتيحي,Fitaihi,السلع المعمرة,Consumer Durables,18.0,1.2,6.5,3.5,0.10,15.0,2.80,2.5,True,0.35,0.05,0.01,0.42
4191,معادن,Maaden,المواد الأساسية,Materials,22.0,2.2,10.0,1.8,0.58,10.5,1.42,16.5,True,38,3.8,18,110
4192,الأحساء للتنمية,ALHASA Dev,إدارة وتطوير العقارات,Real Estate,15.0,0.9,6.0,4.0,0.20,25.0,1.75,6.0,True,0.45,0.11,0.04,0.65
4220,إيكاروس,Emaar EC,إدارة وتطوير العقارات,Real Estate,12.5,1.5,12.0,5.5,0.42,20.0,1.35,12.5,True,2.2,0.44,0.6,4.8
4230,دار الأركان,Dar Al Arkan,إدارة وتطوير العقارات,Real Estate,8.5,0.9,10.5,0.0,0.72,22.0,1.45,20.0,True,8.5,1.0,5.2,26
4240,فاكيرا,Fakieh Poultry,إنتاج الأغذية,Food Production,16.0,2.0,12.5,3.0,0.45,6.0,1.15,13.0,True,2.8,0.17,0.5,3.8
4250,بيشة الزراعية,Bishah Agriculture,إنتاج الأغذية,Food Production,0,0.7,-4.0,0.0,0.30,-10.0,1.20,8.0,True,0.18,-0.02,0.02,0.22
4270,العالمية,Saudi Automotive,التجزئة,Retail,14.0,2.8,20.0,4.5,0.48,6.0,1.10,13.5,True,6.5,0.39,1.2,9.0
4280,المملكة القابضة,Kingdom Holding,استثمارات قابضة,Holding Companies,15.0,1.2,8.0,2.0,0.35,25.0,1.85,10.0,True,12.5,3.12,3.2,32
4290,الخليج للتدريب,Gulf Training,الخدمات التجارية,Commercial Services,20.0,3.5,17.5,2.5,0.28,12.0,1.35,8.0,True,0.75,0.09,0.06,0.72
4291,الوطنية للتعليم,NELC,الخدمات التجارية,Commercial Services,22.0,4.0,18.2,2.0,0.55,15.0,1.05,16.0,True,2.5,0.38,0.9,5.5
4292,المعرفة,Knowledge,الخدمات التجارية,Commercial Services,18.0,3.0,16.8,3.0,0.32,14.0,1.25,9.0,True,1.2,0.17,0.15,1.65
4300,دار المعدات الطبية,Dar Al Arkan Medical,المعدات الصحية,Healthcare,20.0,3.0,15.0,2.5,0.48,10.0,1.15,14.0,True,1.8,0.18,0.3,2.1
4320,الأندلس,Alandalus,إدارة وتطوير العقارات,Real Estate,12.0,1.1,9.2,6.0,0.38,32.0,1.65,11.0,True,0.55,0.18,0.12,1.1
4322,جدوى ريت الحرمين,Jadwa REIT Haramain,صناديق الريت,REITs,15.0,0.92,6.2,6.8,0.42,50.0,1.55,16.0,True,0.52,0.26,1.2,7.5
4323,المعذر ريت,Almaather REIT,صناديق الريت,REITs,18.0,0.85,4.7,5.8,0.35,45.0,1.70,14.0,True,0.28,0.13,0.5,3.5
4324,بنيان ريت,Bonyan REIT,صناديق الريت,REITs,14.5,0.90,6.2,7.0,0.38,52.0,1.75,13.0,True,0.35,0.22,0.72,5.5
4330,الرياض ريت 2,Riyad REIT II,صناديق الريت,REITs,16.0,0.88,5.5,6.5,0.40,48.0,1.60,15.0,True,0.32,0.16,0.65,4.3
4331,مشاركة ريت 2,Musharaka REIT II,صناديق الريت,REITs,17.0,0.82,4.8,6.2,0.42,46.0,1.58,16.5,True,0.25,0.12,0.55,3.3
4332,جبل عمر ريت,Jabal Omar REIT,صناديق الريت,REITs,20.0,0.95,4.8,5.5,0.52,40.0,1.35,18.5,True,0.48,0.10,1.5,8.0
4333,تعليم ريت,Taleem REIT,صناديق الريت,REITs,15.5,0.92,5.9,6.5,0.32,52.0,1.80,12.0,True,0.42,0.22,0.6,5.0
4334,ملكية ريت,Mulkia REIT,صناديق الريت,REITs,16.5,0.90,5.5,6.8,0.38,50.0,1.70,14.0,True,0.38,0.19,0.65,4.6
4335,إنجازات ريت,Enjaz REIT,صناديق الريت,REITs,18.5,0.86,4.6,5.5,0.45,44.0,1.52,16.0,True,0.30,0.13,0.58,3.6
4336,الراجحي ريت,Al Rajhi REIT,صناديق الريت,REITs,13.5,0.98,7.3,7.5,0.32,56.0,1.85,12.0,True,0.55,0.30,0.8,6.5
4337,الأهلي ريت,Alaahli REIT,صناديق الريت,REITs,15.0,0.94,6.3,7.0,0.35,54.0,1.78,13.0,True,0.48,0.25,0.7,5.2
4338,الجزيرة ريت,Aljazira REIT,صناديق الريت,REITs,17.5,0.87,5.0,6.0,0.40,47.0,1.62,15.0,True,0.32,0.15,0.55,3.6
4339,وفرة ريت,Wafrah REIT,صناديق الريت,REITs,16.0,0.91,5.7,6.5,0.36,51.0,1.72,14.0,True,0.36,0.18,0.58,4.1
4340,الأول ريت,Alawal REIT,صناديق الريت,REITs,14.0,0.96,6.9,7.2,0.34,55.0,1.82,12.5,True,0.50,0.28,0.75,6.0
4342,سيرا القابضة,SEERA Group,الفنادق والسياحة,Hotels & Tourism,22.0,2.5,11.5,1.5,0.65,8.0,0.95,18.0,True,5.5,0.44,2.8,15.5
4344,سدافكو,SADAFCO,إنتاج الأغذية,Food Production,18.5,5.5,30.0,3.8,0.18,10.0,1.42,5.0,True,3.2,0.32,0.15,3.0
4345,الشرقية للتنمية,Eastern Dev,إدارة وتطوير العقارات,Real Estate,14.0,0.85,6.0,5.5,0.22,28.0,1.90,6.5,True,0.35,0.10,0.04,0.55
4346,سوليدرتي السعودية,Saudi Solidarity,التأمين,Insurance,12.0,1.8,15.0,3.5,0.35,6.0,1.25,9.5,True,2.8,0.17,0.35,3.5
4347,فلكس,Flax,الخدمات التجارية,Commercial Services,30.0,6.0,20.0,1.0,0.22,18.0,1.55,6.0,True,0.65,0.12,0.04,0.65
5110,السعودية للكهرباء,SEC,المرافق العامة,Utilities,15.0,1.2,8.0,3.5,1.25,10.0,0.65,32.0,True,72,7.2,185,580
6001,حلواني إخوان,Halwani Bros 2,إنتاج الأغذية,Food Production,14.0,2.2,15.8,4.0,0.35,7.0,1.30,10.0,True,2.0,0.14,0.25,2.5
6002,هرفي للأغذية,Herfy Food,التجزئة,Retail,18.0,3.5,19.5,4.0,0.28,10.0,1.15,8.0,True,1.8,0.18,0.15,1.9
6004,كاتريون,Catrion,الفنادق والسياحة,Hotels & Tourism,20.0,6.5,32.5,3.0,0.35,12.0,1.05,10.0,True,3.5,0.42,0.5,5.0
6012,ريدان,Raydan Food,إنتاج الأغذية,Food Production,0,0.8,-8.0,0.0,0.85,-15.0,0.72,25.0,True,0.55,-0.08,0.18,0.72
6013,التنمية الغذائية,Taiba Food,إنتاج الأغذية,Food Production,22.0,2.0,9.0,2.5,0.42,6.5,1.20,12.0,True,0.85,0.06,0.12,1.0
6014,الآمار,Al Amar,إنتاج الأغذية,Food Production,18.5,1.8,9.8,3.0,0.30,8.0,1.40,8.5,True,0.42,0.04,0.04,0.45
6015,أمريكانا,Americana,التجزئة,Retail,32.0,8.0,25.0,2.5,0.35,12.0,1.08,9.5,True,8.5,1.02,1.8,19
6040,تبوك الزراعية,Tabuk Agriculture,إنتاج الأغذية,Food Production,0,0.9,-3.5,0.0,0.42,-8.0,1.05,12.0,True,0.35,-0.03,0.05,0.42
6050,السعودية للأسماك,Saudi Fisheries,إنتاج الأغذية,Food Production,0,0.7,-6.0,0.0,0.55,-18.0,0.85,16.0,True,0.15,-0.03,0.04,0.22
6060,الشرقية للتنمية الزراعية,SADC,إنتاج الأغذية,Food Production,16.0,1.5,9.5,3.5,0.28,10.0,1.50,7.5,True,0.75,0.07,0.06,0.78
6070,الدواجن,Al Watania Poultry,إنتاج الأغذية,Food Production,22.0,2.8,12.5,2.0,0.48,5.0,1.10,14.0,True,2.5,0.12,0.5,3.5
6090,جازادكو,JAZADCO,إنتاج الأغذية,Food Production,14.5,1.2,8.2,4.0,0.18,12.0,1.65,5.0,True,0.32,0.04,0.02,0.38
7020,الاتصالات المتكاملة,ITC,الاتصالات,Telecom,0,2.5,-5.0,0.0,1.15,-15.0,0.62,32.0,True,5.5,-0.82,3.5,11
7030,زين السعودية,Zain KSA,الاتصالات,Telecom,35.0,3.0,8.5,0.0,1.05,5.0,0.55,28.0,True,8.5,0.42,5.8,20.5
7040,موبايلي,Mobily,الاتصالات,Telecom,18.0,2.2,12.2,3.5,0.72,10.0,0.70,22.0,True,15.5,1.55,8.5,38.5
7200,الدباغ,Alhokair Fashion,التجزئة,Retail,0,1.8,-15.0,0.0,1.50,-20.0,0.55,38.0,False,3.5,-0.70,3.2,8.5
7201,جاهز,Jahez,البرمجيات والخدمات,Software & Services,0,5.5,-18.0,0.0,0.42,-25.0,1.15,11.0,True,2.8,-0.70,0.5,4.5
7202,فودكس,Foodics,البرمجيات والخدمات,Software & Services,0,8.0,-12.0,0.0,0.28,-30.0,1.35,7.0,True,0.45,-0.14,0.04,0.55
7203,لوسيديا,Lucidya,البرمجيات والخدمات,Software & Services,0,6.5,-15.0,0.0,0.35,-35.0,1.25,8.5,True,0.22,-0.08,0.02,0.28
7204,توق,Tawq,البرمجيات والخدمات,Software & Services,42.0,10.0,24.0,0.0,0.18,20.0,1.75,4.5,True,0.35,0.07,0.02,0.38
8010,التعاونية,Tawuniya,التأمين,Insurance,14.0,2.5,18.0,4.5,0.38,7.5,1.15,10.5,True,25,1.78,4.5,42
8012,جزيرة تكافل,Jazira Takaful,التأمين,Insurance,18.0,2.0,11.0,2.5,0.25,5.5,1.30,7.0,True,0.85,0.05,0.02,0.35
8020,ملاذ للتأمين,Malath Insurance,التأمين,Insurance,12.0,1.5,12.5,3.5,0.32,4.5,1.18,8.5,True,2.2,0.10,0.25,2.8
8030,ميدغلف,MedGulf,التأمين,Insurance,10.0,1.8,18.0,4.0,0.28,6.0,1.20,7.5,True,3.5,0.21,0.35,4.5
8040,أليانز السعودية,Allianz Saudi,التأمين,Insurance,15.0,2.2,14.5,3.0,0.30,5.8,1.15,8.0,True,2.8,0.16,0.28,3.5
8050,سلامة,Salama,التأمين,Insurance,0,1.2,-5.0,0.0,0.45,-8.0,0.92,12.0,True,1.5,-0.12,0.22,1.8
8060,ولاء,Walaa,التأمين,Insurance,11.0,2.0,18.2,5.0,0.28,8.0,1.22,7.5,True,4.5,0.36,0.48,6.2
8070,الأهلية,Arabian Shield,التأمين,Insurance,16.0,1.8,11.2,2.5,0.32,5.0,1.12,8.5,True,1.8,0.09,0.18,2.1
8100,ساب تكافل,SABB Takaful,التأمين,Insurance,20.0,2.8,14.0,2.0,0.22,8.0,1.28,6.0,True,0.72,0.06,0.02,0.38
8120,الراجحي للتأمين,Al Rajhi Takaful,التأمين,Insurance,22.0,3.5,16.0,1.5,0.18,7.5,1.30,5.0,True,2.5,0.19,0.12,2.5
8150,أسيج,ACIG,التأمين,Insurance,14.0,1.6,11.5,3.5,0.28,6.5,1.18,7.5,True,1.2,0.08,0.10,1.3
8160,الأهلي تكافل,Al Ahli Takaful,التأمين,Insurance,18.0,2.0,11.0,2.0,0.25,5.0,1.22,6.5,True,0.55,0.03,0.02,0.32
8170,الاتحاد للتأمين,SAICC,التأمين,Insurance,0,1.0,-8.0,0.0,0.42,-12.0,0.85,11.0,True,0.45,-0.05,0.06,0.55
8180,الصقر للتأمين,Al Sagr Insurance,التأمين,Insurance,12.5,1.5,12.0,4.0,0.30,5.5,1.15,8.0,True,1.0,0.06,0.10,1.2
8190,المتحدة للتأمين,UCA,التأمين,Insurance,15.0,1.8,12.0,3.0,0.28,6.0,1.18,7.5,True,0.85,0.05,0.08,1.0
8200,الدرع العربي,Arabian Shield Coop,التأمين,Insurance,0,1.1,-6.0,0.0,0.38,-10.0,0.90,10.0,True,0.55,-0.06,0.06,0.62
8230,الوطنية للتأمين,Wataniya Insurance,التأمين,Insurance,14.0,1.6,11.5,3.5,0.30,5.8,1.15,8.0,True,1.5,0.09,0.15,1.8
8240,تأمين,Amana Insurance,التأمين,Insurance,16.0,1.4,8.8,2.5,0.35,4.5,1.10,9.5,True,0.65,0.03,0.05,0.52
8250,جي آي جي,GIG Saudi,التأمين,Insurance,11.0,2.2,20.0,4.5,0.25,8.5,1.25,6.5,True,3.2,0.27,0.28,4.2
8260,الخليجية العامة,Gulf General,التأمين,Insurance,13.0,1.7,13.0,3.5,0.28,6.0,1.18,7.5,True,1.2,0.07,0.10,1.3
8270,بروج,Buruj,التأمين,Insurance,18.0,2.5,14.0,2.0,0.22,7.0,1.28,6.0,True,0.85,0.06,0.05,0.78
8280,العربية السعودية,SAICO,التأمين,Insurance,10.5,1.4,13.5,4.5,0.30,5.5,1.12,8.0,True,1.8,0.10,0.15,1.85
8300,الوطنية,Wataniya,التأمين,Insurance,11.5,1.6,14.0,4.0,0.28,6.5,1.20,7.5,True,2.2,0.14,0.20,2.65
8310,أمانة,Amana Coop,التأمين,Insurance,22.0,2.0,9.0,1.5,0.32,4.5,1.08,8.5,True,0.55,0.02,0.02,0.22
8311,عناية,Enaya,التأمين,Insurance,0,1.0,-5.5,0.0,0.38,-10.0,0.88,10.0,True,0.28,-0.03,0.03,0.32
9505,الحكمة,Al Hikma,الأدوية,Pharma,24.0,3.5,14.5,2.0,0.32,15.0,1.45,9.0,True,0.55,0.08,0.06,0.65
9506,تداوي,Tadawi,المعدات الصحية,Healthcare,35.0,5.0,14.3,0.5,0.48,12.0,1.02,14.0,True,1.2,0.14,0.22,1.55
9510,الدوائية,SPIMACO,الأدوية,Pharma,18.0,2.5,14.0,3.0,0.42,12.0,1.35,12.0,True,3.5,0.42,0.8,6.5
9511,فاراب,Farab,الأدوية,Pharma,22.0,3.0,13.5,2.5,0.28,18.0,1.55,7.5,True,0.95,0.17,0.08,1.1
9512,أفالون,Avalon,الأدوية,Pharma,30.0,4.5,15.0,1.0,0.35,14.0,1.30,10.0,True,0.65,0.10,0.08,0.82
9513,دالة,Dalah,المعدات الصحية,Healthcare,25.0,3.8,15.2,1.5,0.52,10.0,0.95,15.5,True,1.8,0.18,0.35,2.2
9514,سينومي ريتيل,Cenomi Retail,التجزئة,Retail,0,2.0,-8.5,0.0,1.85,-12.0,0.58,40.0,False,8.2,-0.98,6.8,17
9515,سينومي سنترز,Cenomi Centers,إدارة وتطوير العقارات,Real Estate,25.0,2.8,11.2,2.0,1.12,15.0,0.72,28.0,True,4.5,0.68,5.5,19.5
9516,مجموعة عبدالمحسن الحكير,ALHOKAIR Group,الفنادق والسياحة,Hotels & Tourism,0,1.5,-10.0,0.0,1.35,-22.0,0.55,35.0,False,3.8,-0.84,4.5,12.8
9517,فقيه الطبية,Fakeeh Care,المعدات الصحية,Healthcare,28.0,4.2,15.0,1.2,0.48,14.0,1.08,13.5,True,4.5,0.63,1.8,13.5
9518,ميرا,Mira,الخدمات التجارية,Commercial Services,18.0,2.5,14.0,3.0,0.35,10.0,1.30,9.5,True,0.55,0.08,0.06,0.62
9519,سليمان الحبيب,Dr Sulaiman Al Habib,المعدات الصحية,Healthcare,38.0,12.5,33.0,1.2,0.42,20.0,1.15,11.0,True,12.5,2.50,3.5,32
9520,مداد,Midad,البرمجيات والخدمات,Software & Services,28.0,7.0,25.0,1.0,0.20,20.0,1.65,5.5,True,0.48,0.10,0.03,0.52
9521,نايس ون,Nice One,التجزئة,Retail,45.0,15.0,33.5,0.0,0.25,8.0,1.12,7.0,True,2.8,0.22,0.25,3.5
9522,الطيار,Al Tayyar Travel,الفنادق والسياحة,Hotels & Tourism,18.0,3.0,16.8,3.0,0.45,10.0,1.05,12.5,True,3.2,0.32,0.65,5.2
9523,عِلم,Elm,البرمجيات والخدمات,Software & Services,30.0,10.0,33.5,2.5,0.15,25.0,1.75,4.0,True,4.5,1.12,0.25,6.2
9524,المتحدة الدولية,UGC,الإعلام والترفيه,Media & Entertainment,20.0,3.5,17.5,2.0,0.38,12.0,1.20,10.5,True,1.8,0.22,0.25,2.4
9525,أكوا باور,ACWA Power,المرافق العامة,Utilities,85.0,5.5,6.5,0.5,2.85,5.0,0.82,42.0,False,18.5,0.95,52,125
9526,شركة المياه الوطنية,NWC,المرافق العامة,Utilities,25.0,1.8,7.2,2.5,0.65,12.0,0.88,18.0,True,8.5,1.02,5.5,30
9527,ضيافة,Diyafa,الفنادق والسياحة,Hotels & Tourism,22.0,2.2,10.0,2.0,0.48,8.5,0.95,14.0,True,0.85,0.07,0.12,0.85
9528,الشاشات,Shahid,الإعلام والترفيه,Media & Entertainment,0,3.5,-18.0,0.0,0.55,-40.0,0.78,16.0,True,0.42,-0.17,0.08,0.52
9529,جبل عمر,Jabal Omar,إدارة وتطوير العقارات,Real Estate,0,0.75,-2.0,0.0,0.95,-5.0,0.55,28.0,True,8.5,-0.17,6.8,24
9530,أرامكو لزيوت الأساس,Luberef 2,الطاقة,Energy,11.5,3.5,30.5,7.0,0.48,17.0,1.30,14.0,True,7.8,1.33,3.2,22
9531,علم الحاسبات,Computer Sciences,البرمجيات والخدمات,Software & Services,25.0,6.0,24.0,2.0,0.22,18.0,1.55,6.0,True,0.75,0.14,0.05,0.72
9532,الخطوط السعودية للتموين,Saudi Catering,الفنادق والسياحة,Hotels & Tourism,22.0,5.0,22.8,3.5,0.30,14.0,1.15,8.5,True,3.8,0.53,0.5,5.8
9533,ميناء,Mena,النقل,Transport,15.0,1.8,12.0,4.0,0.55,15.0,1.20,16.0,True,2.8,0.42,1.2,7.5
9534,نقل,SAL,النقل,Transport,18.0,3.5,19.5,3.0,0.35,12.0,1.08,10.0,True,2.2,0.26,0.35,3.5
9535,بنان,Banan,إدارة وتطوير العقارات,Real Estate,16.0,1.5,9.5,4.0,0.32,22.0,1.55,9.0,True,0.85,0.19,0.10,1.1
9536,رتال,Retal,إدارة وتطوير العقارات,Real Estate,12.0,3.2,26.5,4.5,0.55,15.0,1.25,15.0,True,3.8,0.57,1.5,10
